<?xml version="1.0" encoding="UTF-8"?><rss version="2.0"
	xmlns:content="http://purl.org/rss/1.0/modules/content/"
	xmlns:wfw="http://wellformedweb.org/CommentAPI/"
	xmlns:dc="http://purl.org/dc/elements/1.1/"
	xmlns:atom="http://www.w3.org/2005/Atom"
	xmlns:sy="http://purl.org/rss/1.0/modules/syndication/"
	xmlns:slash="http://purl.org/rss/1.0/modules/slash/"
	>

<channel>
	<title>Prodotti &#8211; Al Batol</title>
	<atom:link href="http://localhost/panetteria/negozio/feed/?simply_static_page=666" rel="self" type="application/rss+xml" />
	<link>./../../index.html</link>
	<description></description>
	<lastBuildDate>Fri, 24 Mar 2023 16:20:09 +0000</lastBuildDate>
	<language>it-IT</language>
	<sy:updatePeriod>
	hourly	</sy:updatePeriod>
	<sy:updateFrequency>
	1	</sy:updateFrequency>
	<generator>https://wordpress.org/?v=6.1.1</generator>
	<item>
		<title>STRUDEL INTERO</title>
		<link>./../../prodotto/strudel-intero/index.html</link>
					<comments>./../../prodotto/strudel-intero/index.html#respond</comments>
		
		<dc:creator><![CDATA[alessia]]></dc:creator>
		<pubDate>Fri, 24 Mar 2023 14:13:31 +0000</pubDate>
				<guid isPermaLink="false">./../../index.html?post_type=product#038;p=173</guid>

					<description><![CDATA[La Panetteria di Al Batol]]></description>
										<content:encoded><![CDATA[<p><strong>Strudel</strong> de La Panetteria di Eataly: un goloso dolce tipico della tradizione del Trentino che risulta perfetto per la stagione invernale e, soprattutto, per il periodo delle feste.</p>
<p>La parola strudel in tedesco significa &#8220;vortice&#8221; ed indica proprio la forma che assume questo dolce ripieno a pasta arrotolata. I nostri ragazzi della panetteria lo realizzano nella sua versione più tradizionale, con mele, pinoli, uvetta e cannella, garantendo un&#8217;esplosione di sapori che richiamano immediatamente l&#8217;atmosfera natalizia.</p>
<p>Lasciati avvolgere dalla dolcezza di questo prodotto e portalo in tavola durante le feste!</p>
<p><em>Al momento della spedizione lo strudel verrà diviso in due.</em></p>
]]></content:encoded>
					
					<wfw:commentRss>./../../prodotto/strudel-intero/feed/index.html</wfw:commentRss>
			<slash:comments>0</slash:comments>
		
		
			</item>
		<item>
		<title>CROSTATA DI ENKIR ALL&#8217;ALBICOCCA</title>
		<link>./../../prodotto/crostata-di-enkir-allalbicocca/index.html</link>
					<comments>./../../prodotto/crostata-di-enkir-allalbicocca/index.html#respond</comments>
		
		<dc:creator><![CDATA[alessia]]></dc:creator>
		<pubDate>Fri, 24 Mar 2023 14:12:13 +0000</pubDate>
				<guid isPermaLink="false">./../../index.html?post_type=product#038;p=171</guid>

					<description><![CDATA[La Panetteria di Al Batol]]></description>
										<content:encoded><![CDATA[<p>Crostata di Enkir all&#8217;Albicocca de La Panetteria di Eataly: una dolcissima e fragrante dolcezza pronta per portare un tocco di colore e sapore in più sulla tua tavola.</p>
<p>Perfetta da mangiare a colazione, per iniziare la giornata con il piede giusto, questa crostata viene realizzata dai nostri ragazzi della Panetteria utilizzando uno dei cereali più antichi  tra quelli coltivati dall’uomo, il Triticum monococcum. Il risultato è una crostata dal sapore autentico e genuino, arricchita ulteriormente dal gusto della marmellata di albicocche bio.</p>
<p>Provala come spuntino durante la giornata o come colazione e lasciati conquistare dalla sua dolcezza.</p>
]]></content:encoded>
					
					<wfw:commentRss>./../../prodotto/crostata-di-enkir-allalbicocca/feed/index.html</wfw:commentRss>
			<slash:comments>0</slash:comments>
		
		
			</item>
		<item>
		<title>TORTA AL FORMAGGIO</title>
		<link>./../../prodotto/torta-al-formaggio/index.html</link>
					<comments>./../../prodotto/torta-al-formaggio/index.html#respond</comments>
		
		<dc:creator><![CDATA[alessia]]></dc:creator>
		<pubDate>Fri, 24 Mar 2023 14:08:25 +0000</pubDate>
				<guid isPermaLink="false">./../../index.html?post_type=product#038;p=163</guid>

					<description><![CDATA[La Panetteria di Al Batol]]></description>
										<content:encoded><![CDATA[<p>La <strong>torta al formaggio</strong> de La Panetteria di Eataly: un prodotto tipico di Umbria, Marche e Lazio e si mangia tradizionalmente a colazione il giorno di Pasqua.</p>
<p>È un pane saporito e soffice, che contiene grana padano, pecorino romano, emmentaler grattugiati o a tocchetti.</p>
<p>La torta al formaggio nella tradizione del centro Italia si consuma insieme ai salumi, in particolare al salame. Ideale per una colazione salata.</p>
]]></content:encoded>
					
					<wfw:commentRss>./../../prodotto/torta-al-formaggio/feed/index.html</wfw:commentRss>
			<slash:comments>0</slash:comments>
		
		
			</item>
		<item>
		<title>FOCACCIA CON CIPOLLE</title>
		<link>./../../prodotto/focaccia-con-cipolle/index.html</link>
					<comments>./../../prodotto/focaccia-con-cipolle/index.html#respond</comments>
		
		<dc:creator><![CDATA[alessia]]></dc:creator>
		<pubDate>Fri, 24 Mar 2023 14:05:39 +0000</pubDate>
				<guid isPermaLink="false">./../../index.html?post_type=product#038;p=161</guid>

					<description><![CDATA[La Panetteria di Al Batol]]></description>
										<content:encoded><![CDATA[<p><strong>Focaccia con Cipolle</strong> de La Panetteria di Eataly: uno sfizio golosissimo, perfetta per ogni momento in cui vuoi concederti una pausa e una piccola coccola.</p>
<p>Appartiene alla tradizione ligure, ed in particolare a Genova è un prodotto particolarmente diffuso ed amato, tanto che viene considerata da molti una vera istituzione, al pari della focaccia più standard. L&#8217;impasto morbido e ricco di olio, viene arricchito in questa versione da gusto inconfondibile della cipolla, che regala un tocco di originalità e di sapore a cui è davvero difficile resistere.</p>
<p>Provala come sostituto del pane o da sola, per merenda.</p>
]]></content:encoded>
					
					<wfw:commentRss>./../../prodotto/focaccia-con-cipolle/feed/index.html</wfw:commentRss>
			<slash:comments>0</slash:comments>
		
		
			</item>
		<item>
		<title>FOCACCIA GENOVESE BIANCA</title>
		<link>./../../prodotto/focaccia-genovese-bianca/index.html</link>
					<comments>./../../prodotto/focaccia-genovese-bianca/index.html#respond</comments>
		
		<dc:creator><![CDATA[alessia]]></dc:creator>
		<pubDate>Fri, 24 Mar 2023 14:04:25 +0000</pubDate>
				<guid isPermaLink="false">./../../index.html?post_type=product#038;p=159</guid>

					<description><![CDATA[La Panetteria di Al Batol]]></description>
										<content:encoded><![CDATA[<p><strong>Focaccia Genovese Bianca 100g de La Panetteria di Eataly</strong>: ogni giorno sforniamo la vera focaccia genovese, preparata secondo la ricetta tradizionale ligure. Farina tipo 0, lievito di birra, sale, malto, olio extravergine e acqua sono gli unici ingredienti: il risultato è un prodotto da forno unto nella giusta misura, soffice e bianco/dorato.</p>
<p>In bocca la focaccia genovese bianca di Eataly risulta equilibrata, <strong>mai gommosa</strong> e con qualche lieve sfumatura amarognola data dall’ottimo olio ligure: provala appena sfornata dai nostri panettieri!</p>
]]></content:encoded>
					
					<wfw:commentRss>./../../prodotto/focaccia-genovese-bianca/feed/index.html</wfw:commentRss>
			<slash:comments>0</slash:comments>
		
		
			</item>
		<item>
		<title>FOCACCIA BARESE</title>
		<link>./../../prodotto/focaccia-barese/index.html</link>
					<comments>./../../prodotto/focaccia-barese/index.html#respond</comments>
		
		<dc:creator><![CDATA[alessia]]></dc:creator>
		<pubDate>Fri, 24 Mar 2023 14:02:33 +0000</pubDate>
				<guid isPermaLink="false">./../../index.html?post_type=product#038;p=157</guid>

					<description><![CDATA[La Panetteria di Al Batol]]></description>
										<content:encoded><![CDATA[<p><strong>Focaccia Barese de La Panetteria di Eataly</strong>: la focaccia barese è diventata un simbolo della Puglia e del Made in Italy in tutto il mondo.</p>
<p>Quella di Eataly nasce secondo la ricetta originale e il risultato lo dimostra: saporita, croccante ai bordi e soffice al centro e ricoperta di pomodori.</p>
<p>I nostri panettieri l’hanno sfornata oggi: acquistala per una pausa pranzo gustosa o per uno spuntino saporito!</p>
]]></content:encoded>
					
					<wfw:commentRss>./../../prodotto/focaccia-barese/feed/index.html</wfw:commentRss>
			<slash:comments>0</slash:comments>
		
		
			</item>
		<item>
		<title>PANE DI GRANO DURO BIO</title>
		<link>./../../prodotto/pane-di-grano-duro-bio/index.html</link>
					<comments>./../../prodotto/pane-di-grano-duro-bio/index.html#respond</comments>
		
		<dc:creator><![CDATA[alessia]]></dc:creator>
		<pubDate>Fri, 24 Mar 2023 14:00:24 +0000</pubDate>
				<guid isPermaLink="false">./../../index.html?post_type=product#038;p=155</guid>

					<description><![CDATA[La Panetteria di Al Batol]]></description>
										<content:encoded><![CDATA[<p><strong>Il Pane di Grano Duro Bio de La Panetteria di Eataly</strong> nasce dall’unione tra una miscela di semola di grano duro da agricoltura biologica e lo sfarinato di grano duro semi-integrale macinato a pietra naturale varietà “Senatore Cappelli”, originario del Sud, che incontrano il lievito madre.</p>
<p>Oltre a dare al pane un colore ambrato e una consistenza croccante, questo mix regala un sapore incredibile, che lo rende un perfetto alleato per qualunque abbinamento e pietanza.</p>
<p>I nostri panettieri l’hanno appena sfornato: acquistalo subito!</p>
]]></content:encoded>
					
					<wfw:commentRss>./../../prodotto/pane-di-grano-duro-bio/feed/index.html</wfw:commentRss>
			<slash:comments>0</slash:comments>
		
		
			</item>
		<item>
		<title>PANE 100% FARINA DI SEGALE</title>
		<link>./../../prodotto/pane-100-farina-di-segale/index.html</link>
					<comments>./../../prodotto/pane-100-farina-di-segale/index.html#respond</comments>
		
		<dc:creator><![CDATA[alessia]]></dc:creator>
		<pubDate>Fri, 24 Mar 2023 13:58:28 +0000</pubDate>
				<guid isPermaLink="false">./../../index.html?post_type=product#038;p=153</guid>

					<description><![CDATA[La Panetteria di Al Batol]]></description>
										<content:encoded><![CDATA[<p>Il Pane 100% Farina di Segale de La Panetteria di Eataly: un pane molto gustoso e con un sapore unico, che ha il profumo dei campi di cereali.</p>
<p>Un pane gustoso, realizzato con cura e attenzione e sfornato ogni giorno dai ragazzi delle nostre panetterie per permetterti di portare in tavola un prodotto autentico, genuino e che profuma e sa di cose buone.</p>
<p>Provalo per accompagnare i tuoi pranzi e le tue cene e vedrai, non ne farai più a meno!</p>
]]></content:encoded>
					
					<wfw:commentRss>./../../prodotto/pane-100-farina-di-segale/feed/index.html</wfw:commentRss>
			<slash:comments>0</slash:comments>
		
		
			</item>
		<item>
		<title>PANE RUSTIC BIO</title>
		<link>./../../prodotto/pane-rustic-bio/index.html</link>
					<comments>./../../prodotto/pane-rustic-bio/index.html#respond</comments>
		
		<dc:creator><![CDATA[alessia]]></dc:creator>
		<pubDate>Fri, 24 Mar 2023 13:52:24 +0000</pubDate>
				<guid isPermaLink="false">./../../index.html?post_type=product#038;p=151</guid>

					<description><![CDATA[La Panetteria di Al Batol]]></description>
										<content:encoded><![CDATA[<p>Il Pane Rustic Bio de La Panetteria di Eataly: un nostro prodotto iconico, realizzato con materie prime di altissima qualità e sfornato ogni giorno dai nostri panettieri.</p>
<p>Rustic nasce da un procedimento ben definito ed ormai consolidato, che dal momento dell&#8217;impasto alla cottura dura sempre almeno 12 ore e termina con la cottura nel forno a legna rotante. Il risultato è un pane molto gustoso, dalla crosta croccante e dal colore dorato perfetto per accompagnare ed esaltare tutti i tuoi pasti.</p>
<p>Il segreto del suo valore:<br />
&#8211; contiene solo farine 100% biologiche macinate a pietra del Mulino Marino, ottenute da cereali coltivati da piccole aziende agricole in Italia<br />
&#8211; solo lievito madre rinfrescato quotidianamente da ben 37 anni<br />
&#8211; impastato fresco a mano dai nostri maestri panificatori e cotto su pietra ogni giorno<br />
&#8211; si conserva a lungo, evitando gli sprechi</p>
<p>Provalo per avere un&#8217;autentica delizia appena sfornata a portata di mano.</p>
]]></content:encoded>
					
					<wfw:commentRss>./../../prodotto/pane-rustic-bio/feed/index.html</wfw:commentRss>
			<slash:comments>0</slash:comments>
		
		
			</item>
	</channel>
</rss>
