<?xml version="1.0" encoding="UTF-8"?><rss version="2.0"
	xmlns:content="http://purl.org/rss/1.0/modules/content/"
	xmlns:wfw="http://wellformedweb.org/CommentAPI/"
	xmlns:dc="http://purl.org/dc/elements/1.1/"
	xmlns:atom="http://www.w3.org/2005/Atom"
	xmlns:sy="http://purl.org/rss/1.0/modules/syndication/"
	xmlns:slash="http://purl.org/rss/1.0/modules/slash/"
	>

<channel>
	<title>Torte e crostate &#8211; Al Batol</title>
	<atom:link href="http://localhost/panetteria/categoria-prodotto/torte-e-crostate/feed/?simply_static_page=762" rel="self" type="application/rss+xml" />
	<link>./../../../index.html</link>
	<description></description>
	<lastBuildDate>Fri, 24 Mar 2023 16:17:52 +0000</lastBuildDate>
	<language>it-IT</language>
	<sy:updatePeriod>
	hourly	</sy:updatePeriod>
	<sy:updateFrequency>
	1	</sy:updateFrequency>
	<generator>https://wordpress.org/?v=6.1.1</generator>
	<item>
		<title>STRUDEL INTERO</title>
		<link>./../../../prodotto/strudel-intero/index.html</link>
					<comments>./../../../prodotto/strudel-intero/index.html#respond</comments>
		
		<dc:creator><![CDATA[alessia]]></dc:creator>
		<pubDate>Fri, 24 Mar 2023 14:13:31 +0000</pubDate>
				<guid isPermaLink="false">./../../../index.html?post_type=product#038;p=173</guid>

					<description><![CDATA[La Panetteria di Al Batol]]></description>
										<content:encoded><![CDATA[<p><strong>Strudel</strong> de La Panetteria di Eataly: un goloso dolce tipico della tradizione del Trentino che risulta perfetto per la stagione invernale e, soprattutto, per il periodo delle feste.</p>
<p>La parola strudel in tedesco significa &#8220;vortice&#8221; ed indica proprio la forma che assume questo dolce ripieno a pasta arrotolata. I nostri ragazzi della panetteria lo realizzano nella sua versione più tradizionale, con mele, pinoli, uvetta e cannella, garantendo un&#8217;esplosione di sapori che richiamano immediatamente l&#8217;atmosfera natalizia.</p>
<p>Lasciati avvolgere dalla dolcezza di questo prodotto e portalo in tavola durante le feste!</p>
<p><em>Al momento della spedizione lo strudel verrà diviso in due.</em></p>
]]></content:encoded>
					
					<wfw:commentRss>./../../../prodotto/strudel-intero/feed/index.html</wfw:commentRss>
			<slash:comments>0</slash:comments>
		
		
			</item>
		<item>
		<title>CROSTATA DI ENKIR ALL&#8217;ALBICOCCA</title>
		<link>./../../../prodotto/crostata-di-enkir-allalbicocca/index.html</link>
					<comments>./../../../prodotto/crostata-di-enkir-allalbicocca/index.html#respond</comments>
		
		<dc:creator><![CDATA[alessia]]></dc:creator>
		<pubDate>Fri, 24 Mar 2023 14:12:13 +0000</pubDate>
				<guid isPermaLink="false">./../../../index.html?post_type=product#038;p=171</guid>

					<description><![CDATA[La Panetteria di Al Batol]]></description>
										<content:encoded><![CDATA[<p>Crostata di Enkir all&#8217;Albicocca de La Panetteria di Eataly: una dolcissima e fragrante dolcezza pronta per portare un tocco di colore e sapore in più sulla tua tavola.</p>
<p>Perfetta da mangiare a colazione, per iniziare la giornata con il piede giusto, questa crostata viene realizzata dai nostri ragazzi della Panetteria utilizzando uno dei cereali più antichi  tra quelli coltivati dall’uomo, il Triticum monococcum. Il risultato è una crostata dal sapore autentico e genuino, arricchita ulteriormente dal gusto della marmellata di albicocche bio.</p>
<p>Provala come spuntino durante la giornata o come colazione e lasciati conquistare dalla sua dolcezza.</p>
]]></content:encoded>
					
					<wfw:commentRss>./../../../prodotto/crostata-di-enkir-allalbicocca/feed/index.html</wfw:commentRss>
			<slash:comments>0</slash:comments>
		
		
			</item>
		<item>
		<title>TORTA AL FORMAGGIO</title>
		<link>./../../../prodotto/torta-al-formaggio/index.html</link>
					<comments>./../../../prodotto/torta-al-formaggio/index.html#respond</comments>
		
		<dc:creator><![CDATA[alessia]]></dc:creator>
		<pubDate>Fri, 24 Mar 2023 14:08:25 +0000</pubDate>
				<guid isPermaLink="false">./../../../index.html?post_type=product#038;p=163</guid>

					<description><![CDATA[La Panetteria di Al Batol]]></description>
										<content:encoded><![CDATA[<p>La <strong>torta al formaggio</strong> de La Panetteria di Eataly: un prodotto tipico di Umbria, Marche e Lazio e si mangia tradizionalmente a colazione il giorno di Pasqua.</p>
<p>È un pane saporito e soffice, che contiene grana padano, pecorino romano, emmentaler grattugiati o a tocchetti.</p>
<p>La torta al formaggio nella tradizione del centro Italia si consuma insieme ai salumi, in particolare al salame. Ideale per una colazione salata.</p>
]]></content:encoded>
					
					<wfw:commentRss>./../../../prodotto/torta-al-formaggio/feed/index.html</wfw:commentRss>
			<slash:comments>0</slash:comments>
		
		
			</item>
	</channel>
</rss>
