<?xml version="1.0" encoding="UTF-8"?><rss version="2.0"
	xmlns:content="http://purl.org/rss/1.0/modules/content/"
	xmlns:wfw="http://wellformedweb.org/CommentAPI/"
	xmlns:dc="http://purl.org/dc/elements/1.1/"
	xmlns:atom="http://www.w3.org/2005/Atom"
	xmlns:sy="http://purl.org/rss/1.0/modules/syndication/"
	xmlns:slash="http://purl.org/rss/1.0/modules/slash/"
	>

<channel>
	<title>Pane &#8211; Al Batol</title>
	<atom:link href="http://localhost/panetteria/categoria-prodotto/pane/feed/?simply_static_page=769" rel="self" type="application/rss+xml" />
	<link>./../../../index.html</link>
	<description></description>
	<lastBuildDate>Fri, 24 Mar 2023 16:20:09 +0000</lastBuildDate>
	<language>it-IT</language>
	<sy:updatePeriod>
	hourly	</sy:updatePeriod>
	<sy:updateFrequency>
	1	</sy:updateFrequency>
	<generator>https://wordpress.org/?v=6.1.1</generator>
	<item>
		<title>PANE DI GRANO DURO BIO</title>
		<link>./../../../prodotto/pane-di-grano-duro-bio/index.html</link>
					<comments>./../../../prodotto/pane-di-grano-duro-bio/index.html#respond</comments>
		
		<dc:creator><![CDATA[alessia]]></dc:creator>
		<pubDate>Fri, 24 Mar 2023 14:00:24 +0000</pubDate>
				<guid isPermaLink="false">./../../../index.html?post_type=product#038;p=155</guid>

					<description><![CDATA[La Panetteria di Al Batol]]></description>
										<content:encoded><![CDATA[<p><strong>Il Pane di Grano Duro Bio de La Panetteria di Eataly</strong> nasce dall’unione tra una miscela di semola di grano duro da agricoltura biologica e lo sfarinato di grano duro semi-integrale macinato a pietra naturale varietà “Senatore Cappelli”, originario del Sud, che incontrano il lievito madre.</p>
<p>Oltre a dare al pane un colore ambrato e una consistenza croccante, questo mix regala un sapore incredibile, che lo rende un perfetto alleato per qualunque abbinamento e pietanza.</p>
<p>I nostri panettieri l’hanno appena sfornato: acquistalo subito!</p>
]]></content:encoded>
					
					<wfw:commentRss>./../../../prodotto/pane-di-grano-duro-bio/feed/index.html</wfw:commentRss>
			<slash:comments>0</slash:comments>
		
		
			</item>
		<item>
		<title>PANE 100% FARINA DI SEGALE</title>
		<link>./../../../prodotto/pane-100-farina-di-segale/index.html</link>
					<comments>./../../../prodotto/pane-100-farina-di-segale/index.html#respond</comments>
		
		<dc:creator><![CDATA[alessia]]></dc:creator>
		<pubDate>Fri, 24 Mar 2023 13:58:28 +0000</pubDate>
				<guid isPermaLink="false">./../../../index.html?post_type=product#038;p=153</guid>

					<description><![CDATA[La Panetteria di Al Batol]]></description>
										<content:encoded><![CDATA[<p>Il Pane 100% Farina di Segale de La Panetteria di Eataly: un pane molto gustoso e con un sapore unico, che ha il profumo dei campi di cereali.</p>
<p>Un pane gustoso, realizzato con cura e attenzione e sfornato ogni giorno dai ragazzi delle nostre panetterie per permetterti di portare in tavola un prodotto autentico, genuino e che profuma e sa di cose buone.</p>
<p>Provalo per accompagnare i tuoi pranzi e le tue cene e vedrai, non ne farai più a meno!</p>
]]></content:encoded>
					
					<wfw:commentRss>./../../../prodotto/pane-100-farina-di-segale/feed/index.html</wfw:commentRss>
			<slash:comments>0</slash:comments>
		
		
			</item>
		<item>
		<title>PANE RUSTIC BIO</title>
		<link>./../../../prodotto/pane-rustic-bio/index.html</link>
					<comments>./../../../prodotto/pane-rustic-bio/index.html#respond</comments>
		
		<dc:creator><![CDATA[alessia]]></dc:creator>
		<pubDate>Fri, 24 Mar 2023 13:52:24 +0000</pubDate>
				<guid isPermaLink="false">./../../../index.html?post_type=product#038;p=151</guid>

					<description><![CDATA[La Panetteria di Al Batol]]></description>
										<content:encoded><![CDATA[<p>Il Pane Rustic Bio de La Panetteria di Eataly: un nostro prodotto iconico, realizzato con materie prime di altissima qualità e sfornato ogni giorno dai nostri panettieri.</p>
<p>Rustic nasce da un procedimento ben definito ed ormai consolidato, che dal momento dell&#8217;impasto alla cottura dura sempre almeno 12 ore e termina con la cottura nel forno a legna rotante. Il risultato è un pane molto gustoso, dalla crosta croccante e dal colore dorato perfetto per accompagnare ed esaltare tutti i tuoi pasti.</p>
<p>Il segreto del suo valore:<br />
&#8211; contiene solo farine 100% biologiche macinate a pietra del Mulino Marino, ottenute da cereali coltivati da piccole aziende agricole in Italia<br />
&#8211; solo lievito madre rinfrescato quotidianamente da ben 37 anni<br />
&#8211; impastato fresco a mano dai nostri maestri panificatori e cotto su pietra ogni giorno<br />
&#8211; si conserva a lungo, evitando gli sprechi</p>
<p>Provalo per avere un&#8217;autentica delizia appena sfornata a portata di mano.</p>
]]></content:encoded>
					
					<wfw:commentRss>./../../../prodotto/pane-rustic-bio/feed/index.html</wfw:commentRss>
			<slash:comments>0</slash:comments>
		
		
			</item>
	</channel>
</rss>
