<?xml version="1.0" encoding="UTF-8"?><rss version="2.0"
	xmlns:content="http://purl.org/rss/1.0/modules/content/"
	xmlns:wfw="http://wellformedweb.org/CommentAPI/"
	xmlns:dc="http://purl.org/dc/elements/1.1/"
	xmlns:atom="http://www.w3.org/2005/Atom"
	xmlns:sy="http://purl.org/rss/1.0/modules/syndication/"
	xmlns:slash="http://purl.org/rss/1.0/modules/slash/"
	>

<channel>
	<title>Focacce &#8211; Al Batol</title>
	<atom:link href="http://localhost/panetteria/categoria-prodotto/focacce/feed/?simply_static_page=767" rel="self" type="application/rss+xml" />
	<link>./../../../index.html</link>
	<description></description>
	<lastBuildDate>Fri, 24 Mar 2023 14:05:39 +0000</lastBuildDate>
	<language>it-IT</language>
	<sy:updatePeriod>
	hourly	</sy:updatePeriod>
	<sy:updateFrequency>
	1	</sy:updateFrequency>
	<generator>https://wordpress.org/?v=6.1.1</generator>
	<item>
		<title>FOCACCIA CON CIPOLLE</title>
		<link>./../../../prodotto/focaccia-con-cipolle/index.html</link>
					<comments>./../../../prodotto/focaccia-con-cipolle/index.html#respond</comments>
		
		<dc:creator><![CDATA[alessia]]></dc:creator>
		<pubDate>Fri, 24 Mar 2023 14:05:39 +0000</pubDate>
				<guid isPermaLink="false">./../../../index.html?post_type=product#038;p=161</guid>

					<description><![CDATA[La Panetteria di Al Batol]]></description>
										<content:encoded><![CDATA[<p><strong>Focaccia con Cipolle</strong> de La Panetteria di Eataly: uno sfizio golosissimo, perfetta per ogni momento in cui vuoi concederti una pausa e una piccola coccola.</p>
<p>Appartiene alla tradizione ligure, ed in particolare a Genova è un prodotto particolarmente diffuso ed amato, tanto che viene considerata da molti una vera istituzione, al pari della focaccia più standard. L&#8217;impasto morbido e ricco di olio, viene arricchito in questa versione da gusto inconfondibile della cipolla, che regala un tocco di originalità e di sapore a cui è davvero difficile resistere.</p>
<p>Provala come sostituto del pane o da sola, per merenda.</p>
]]></content:encoded>
					
					<wfw:commentRss>./../../../prodotto/focaccia-con-cipolle/feed/index.html</wfw:commentRss>
			<slash:comments>0</slash:comments>
		
		
			</item>
		<item>
		<title>FOCACCIA GENOVESE BIANCA</title>
		<link>./../../../prodotto/focaccia-genovese-bianca/index.html</link>
					<comments>./../../../prodotto/focaccia-genovese-bianca/index.html#respond</comments>
		
		<dc:creator><![CDATA[alessia]]></dc:creator>
		<pubDate>Fri, 24 Mar 2023 14:04:25 +0000</pubDate>
				<guid isPermaLink="false">./../../../index.html?post_type=product#038;p=159</guid>

					<description><![CDATA[La Panetteria di Al Batol]]></description>
										<content:encoded><![CDATA[<p><strong>Focaccia Genovese Bianca 100g de La Panetteria di Eataly</strong>: ogni giorno sforniamo la vera focaccia genovese, preparata secondo la ricetta tradizionale ligure. Farina tipo 0, lievito di birra, sale, malto, olio extravergine e acqua sono gli unici ingredienti: il risultato è un prodotto da forno unto nella giusta misura, soffice e bianco/dorato.</p>
<p>In bocca la focaccia genovese bianca di Eataly risulta equilibrata, <strong>mai gommosa</strong> e con qualche lieve sfumatura amarognola data dall’ottimo olio ligure: provala appena sfornata dai nostri panettieri!</p>
]]></content:encoded>
					
					<wfw:commentRss>./../../../prodotto/focaccia-genovese-bianca/feed/index.html</wfw:commentRss>
			<slash:comments>0</slash:comments>
		
		
			</item>
		<item>
		<title>FOCACCIA BARESE</title>
		<link>./../../../prodotto/focaccia-barese/index.html</link>
					<comments>./../../../prodotto/focaccia-barese/index.html#respond</comments>
		
		<dc:creator><![CDATA[alessia]]></dc:creator>
		<pubDate>Fri, 24 Mar 2023 14:02:33 +0000</pubDate>
				<guid isPermaLink="false">./../../../index.html?post_type=product#038;p=157</guid>

					<description><![CDATA[La Panetteria di Al Batol]]></description>
										<content:encoded><![CDATA[<p><strong>Focaccia Barese de La Panetteria di Eataly</strong>: la focaccia barese è diventata un simbolo della Puglia e del Made in Italy in tutto il mondo.</p>
<p>Quella di Eataly nasce secondo la ricetta originale e il risultato lo dimostra: saporita, croccante ai bordi e soffice al centro e ricoperta di pomodori.</p>
<p>I nostri panettieri l’hanno sfornata oggi: acquistala per una pausa pranzo gustosa o per uno spuntino saporito!</p>
]]></content:encoded>
					
					<wfw:commentRss>./../../../prodotto/focaccia-barese/feed/index.html</wfw:commentRss>
			<slash:comments>0</slash:comments>
		
		
			</item>
	</channel>
</rss>
